direccion,latitud,longitud
"Av. Primavera 1662, Lima",-12.016802,-77.174871
"Jr. de la Union 1474, Lima",-12.096879,-77.107658
"Av. Alfonso Ugarte 1080, Lima",-12.229226,-76.94373
"Av. Arequipa 2964, Lima",-12.005322,-76.942655
"Av. Universitaria 1197, Lima",-11.912994,-77.046346
"Av. Tacna 1994, Lima",-11.83359,-77.013553
"Av. Aviacion 2227, Lima",-12.084151,-76.913187
"Av. Benavides 2824, Lima",-11.893313,-77.08133
"Av. Alfonso Ugarte 1833, Lima",-11.910759,-76.8
"Av. La Marina 1368, Lima",-12.126124,-76.892279
"Av. Larco 420, Lima",-12.136472,-77.023107
"Av. La Marina 82, Lima",-12.097513,-77.146488
"Av. Benavides 2107, Lima",-11.938293,-76.924659
"Av. Benavides 2217, Lima",-12.05064,-77.163901
"Av. Primavera 131, Lima",-12.209762,-77.074909
"Av. Alfonso Ugarte 2337, Lima",-12.000048,-76.963638
"Av. Larco 2683, Lima",-12.060084,-77.08459
"Jr. de la Union 353, Lima",-12.007205,-77.154205
"Av. Angamos 2493, Lima",-12.278586,-77.010308
"Av. Tacna 2156, Lima",-11.918413,-77.133384
"Av. Aviacion 2406, Lima",-12.055773,-77.067248
"Av. La Marina 1999, Lima",-11.83603,-76.8
"Av. Brasil 2467, Lima",-11.974124,-76.8
"Av. Benavides 2167, Lima",-12.136946,-77.026294
"Jr. Junin 1043, Lima",-12.189975,-76.922016
"Av. Aviacion 1057, Lima",-11.918067,-77.108689
"Av. Salaverry 2601, Lima",-12.144677,-76.808567
"Av. Republica de Panama 2758, Lima",-12.253495,-76.836741
"Jr. de la Union 1727, Lima",-12.149933,-76.815218
"Av. San Martin 2686, Lima",-12.13635,-77.052626
"Av. La Marina 1205, Lima",-11.821626,-76.955235
"Av. San Martin 2161, Lima",-11.815331,-76.906285
"Av. La Marina 1686, Lima",-12.093582,-76.876455
"Av. Javier Prado 859, Lima",-12.198089,-77.107151
"Av. Salaverry 1322, Lima",-12.081954,-76.83183
"Jr. de la Union 368, Lima",-11.832936,-76.935701
"Av. Petit Thouars 2340, Lima",-12.168878,-77.060639
"Av. Arenales 964, Lima",-12.053258,-76.932611
"Av. Tacna 2931, Lima",-11.813014,-77.032531
"Av. Benavides 843, Lima",-11.812393,-76.850365
"Av. Tacna 2728, Lima",-12.284618,-76.843391
"Av. San Martin 2949, Lima",-12.210027,-76.957046
"Av. Salaverry 1678, Lima",-11.944288,-77.007797
"Av. Alfonso Ugarte 832, Lima",-12.239726,-76.895932
"Jr. Junin 2119, Lima",-12.028883,-76.857928
"Av. Republica de Panama 2871, Lima",-11.940797,-77.027989
"Jr. Camana 2978, Lima",-11.827662,-77.062705
"Av. Benavides 2677, Lima",-12.083104,-76.916406
"Jr. Camana 1303, Lima",-12.015324,-76.931993
"Av. Salaverry 354, Lima",-12.169257,-76.973391
"Av. Tacna 64, Lima",-12.134667,-77.177121
"Av. Brasil 1416, Lima",-11.87768,-76.913586
"Av. Aviacion 2991, Lima",-11.911867,-77.013195
"Av. Larco 2059, Lima",-11.926525,-77.141682
"Jr. Junin 926, Lima",-12.036676,-76.891593
"Av. Brasil 977, Lima",-12.122284,-76.8
"Av. Larco 756, Lima",-12.048689,-76.82537
"Av. Salaverry 1606, Lima",-11.965851,-77.147676
"Av. Arenales 998, Lima",-12.117494,-76.823273
"Av. Javier Prado 1023, Lima",-11.976273,-76.832822
"Av. Benavides 2748, Lima",-12.142191,-76.96911
"Av. Alfonso Ugarte 2715, Lima",-12.047785,-77.109967
"Av. Arequipa 597, Lima",-11.993562,-77.109835
"Av. Larco 2472, Lima",-11.908845,-76.902836
"Av. Universitaria 2871, Lima",-12.178446,-77.042978
"Av. Angamos 1311, Lima",-11.843754,-77.017696
"Jr. Camana 1226, Lima",-11.929117,-77.146259
"Av. Aviacion 2288, Lima",-12.075747,-76.972447
"Av. Arenales 1420, Lima",-12.251008,-76.906008
"Av. Larco 891, Lima",-12.061497,-76.973735
"Av. Republica de Panama 183, Lima",-11.904611,-76.904693
"Jr. Camana 2294, Lima",-12.03641,-76.800898
"Av. Angamos 2725, Lima",-11.881228,-76.811363
"Av. Salaverry 1672, Lima",-12.289598,-77.013383
"Av. Salaverry 1278, Lima",-12.267435,-77.083002
"Av. Tacna 2854, Lima",-12.044795,-77.025734
"Av. Alfonso Ugarte 123, Lima",-12.115644,-77.142857
"Av. Republica de Panama 319, Lima",-12.118116,-77.05835
"Av. Salaverry 577, Lima",-12.173016,-77.022183
"Jr. Junin 1722, Lima",-12.157138,-77.01795
"Av. San Martin 2287, Lima",-12.009828,-76.823947
"Av. Republica de Panama 820, Lima",-12.223028,-77.008453
"Av. Alfonso Ugarte 2293, Lima",-11.955254,-77.176322
"Av. Petit Thouars 2704, Lima",-11.929426,-76.883157
"Av. San Martin 1536, Lima",-12.070772,-76.804484
"Av. Salaverry 506, Lima",-12.228237,-77.120364
"Av. Arequipa 755, Lima",-11.89994,-76.8
"Av. Tacna 210, Lima",-12.249308,-77.156761
"Av. Alfonso Ugarte 48, Lima",-12.203949,-76.842951
"Av. Brasil 738, Lima",-11.952878,-76.8
"Av. San Martin 2802, Lima",-11.927211,-77.131439
"Av. Salaverry 1573, Lima",-12.07641,-76.959744
"Av. Benavides 258, Lima",-12.113648,-77.106814
"Jr. Camana 980, Lima",-11.85731,-76.8
"Av. Universitaria 151, Lima",-11.803575,-76.935864
"Av. Universitaria 1036, Lima",-11.886143,-77.075075
"Av. La Marina 1524, Lima",-12.045599,-77.185297
"Av. Republica de Panama 2663, Lima",-12.074001,-76.993962
"Av. Brasil 1376, Lima",-12.285372,-76.8
"Av. Arequipa 1945, Lima",-12.222031,-76.8
"Jr. Camana 61, Lima",-11.833484,-77.015254
"Av. Salaverry 1304, Lima",-12.194179,-76.835665
"Av. Javier Prado 2168, Lima",-11.97968,-76.831882
"Jr. Camana 1426, Lima",-11.815959,-77.125492
"Av. Alfonso Ugarte 1364, Lima",-12.026245,-77.005346
"Av. Brasil 154, Lima",-12.010285,-76.904317
"Av. Tacna 2994, Lima",-12.14142,-77.150221
"Av. Angamos 575, Lima",-11.947507,-76.900596
"Av. Arenales 2486, Lima",-12.113329,-76.829091
"Jr. Junin 175, Lima",-11.963405,-76.8
"Av. La Marina 2782, Lima",-11.922544,-76.8
"Av. Aviacion 1089, Lima",-12.117101,-76.940392
"Av. Angamos 2536, Lima",-11.977465,-77.095875
"Av. Arequipa 256, Lima",-12.253746,-76.811259
"Av. Larco 922, Lima",-11.93417,-76.8
"Av. Arenales 91, Lima",-12.135688,-77.145421
"Av. Aviacion 1603, Lima",-12.230097,-77.141811
"Av. Salaverry 2286, Lima",-12.233896,-76.922381
"Av. La Marina 786, Lima",-12.119847,-76.8
"Av. San Martin 1545, Lima",-12.128074,-77.016971
"Av. Angamos 246, Lima",-12.183167,-76.8
"Av. Republica de Panama 858, Lima",-12.199713,-76.92838
"Av. Alfonso Ugarte 1820, Lima",-11.899517,-77.057765
"Av. La Marina 2351, Lima",-12.277252,-77.13361
"Jr. de la Union 38, Lima",-12.039541,-76.891464
"Av. Petit Thouars 507, Lima",-11.883017,-76.837425
"Av. Aviacion 1359, Lima",-11.848268,-77.138099
"Av. Arenales 1412, Lima",-12.031067,-76.896755
"Av. San Martin 1337, Lima",-11.852967,-76.915845
"Av. Salaverry 2758, Lima",-11.827323,-76.818107
"Av. Brasil 2867, Lima",-11.895644,-77.067229
"Av. Arenales 755, Lima",-11.826886,-76.8
"Av. Universitaria 1816, Lima",-12.258371,-77.082829
"Av. Arequipa 188, Lima",-11.991767,-77.072978
"Jr. de la Union 267, Lima",-11.949608,-77.182641
"Av. Universitaria 2451, Lima",-12.277709,-76.8
"Av. Benavides 207, Lima",-12.257114,-76.905161
"Av. Primavera 749, Lima",-11.981733,-76.94312
"Av. Alfonso Ugarte 2090, Lima",-12.115678,-77.039342
"Av. Universitaria 788, Lima",-12.291404,-77.062827
"Jr. Camana 103, Lima",-11.994347,-77.170204
"Av. Salaverry 2798, Lima",-12.080264,-76.964949
"Av. Brasil 1726, Lima",-11.928144,-76.8
"Av. Primavera 1985, Lima",-11.802381,-76.860696
"Av. Universitaria 1827, Lima",-12.232861,-76.943682
"Jr. Junin 2403, Lima",-12.254064,-76.823018
"Av. San Martin 1528, Lima",-12.194108,-77.1482
"Av. Primavera 867, Lima",-12.104577,-77.012214
"Av. Primavera 1128, Lima",-11.841245,-76.826856
"Av. Angamos 1017, Lima",-11.862606,-77.078837
"Av. Larco 586, Lima",-12.203505,-76.961825
"Av. Universitaria 782, Lima",-11.849091,-76.873471
"Jr. Camana 601, Lima",-12.18483,-76.8
"Jr. Camana 1448, Lima",-11.913768,-77.148166
"Av. Arequipa 1125, Lima",-11.843996,-76.917118
"Av. La Marina 138, Lima",-12.131924,-76.957989
"Av. Arequipa 514, Lima",-12.052855,-76.812415
"Av. Alfonso Ugarte 770, Lima",-12.141862,-77.170706
"Av. Alfonso Ugarte 2293, Lima",-11.989439,-77.09909
"Av. Petit Thouars 1420, Lima",-12.116646,-76.889052
"Jr. Junin 1967, Lima",-12.096291,-76.8
"Av. Javier Prado 1972, Lima",-12.130131,-77.014937
"Av. Tacna 1682, Lima",-12.254215,-77.096741
"Av. Arequipa 1666, Lima",-12.086305,-76.8
"Jr. de la Union 1957, Lima",-12.111728,-76.816666
"Av. Arenales 739, Lima",-12.065894,-76.828546
"Av. Arenales 1824, Lima",-12.000765,-76.966802
"Av. Angamos 499, Lima",-12.045924,-76.8
"Av. Universitaria 1557, Lima",-12.240275,-77.0483
"Av. Republica de Panama 893, Lima",-11.974967,-77.116197
"Av. Angamos 872, Lima",-12.259131,-77.00815
"Av. Brasil 2486, Lima",-11.878748,-76.95286
"Av. La Marina 1917, Lima",-12.099553,-76.8
"Av. Universitaria 618, Lima",-12.271067,-76.871767
"Jr. Junin 1757, Lima",-12.044278,-77.027685
"Av. Universitaria 2336, Lima",-11.85755,-76.802206
"Jr. Camana 2001, Lima",-12.237863,-77.096463
"Av. San Martin 2982, Lima",-12.224569,-77.112997
"Av. Larco 2060, Lima",-12.010926,-76.97019
"Av. Benavides 1220, Lima",-11.812632,-77.123603
"Av. La Marina 2350, Lima",-12.11212,-77.178443
"Av. Arequipa 2626, Lima",-11.803383,-77.103777
"Av. Arenales 279, Lima",-12.177589,-77.071437
"Av. Salaverry 1026, Lima",-11.939912,-76.859376
"Av. Aviacion 2476, Lima",-12.294452,-76.8
"Av. Arenales 1752, Lima",-12.266427,-76.805402
"Av. Arenales 1596, Lima",-11.861331,-76.903199
"Av. Petit Thouars 2047, Lima",-11.955109,-76.83045
"Av. Primavera 1661, Lima",-12.251844,-77.108737
"Av. Republica de Panama 1565, Lima",-12.280444,-77.180546
"Av. Angamos 1364, Lima",-12.197961,-77.138435
"Av. Angamos 1382, Lima",-11.994315,-77.102343
"Av. Arenales 2988, Lima",-12.246622,-76.8
"Av. Alfonso Ugarte 1735, Lima",-11.833144,-76.84589
"Av. Primavera 933, Lima",-11.967575,-77.106467
"Av. Tacna 2362, Lima",-11.856016,-76.8
"Jr. Camana 2164, Lima",-12.021835,-77.013445
"Jr. de la Union 2120, Lima",-12.051823,-77.016309
"Av. Tacna 2383, Lima",-11.876695,-77.047544
"Jr. Junin 285, Lima",-11.929727,-77.172797
"Av. Petit Thouars 2243, Lima",-11.849846,-76.909267
"Av. Arequipa 2753, Lima",-12.069916,-77.017611
"Av. Javier Prado 183, Lima",-11.816353,-76.910659
"Av. Larco 46, Lima",-12.238431,-76.94993
"Jr. Camana 402, Lima",-11.966715,-77.009389
"Av. Arequipa 2469, Lima",-12.259614,-76.86344
"Av. Javier Prado 1657, Lima",-12.009121,-77.104643
"Av. Alfonso Ugarte 872, Lima",-11.84966,-76.837826
"Jr. Camana 1913, Lima",-11.857243,-76.8
"Av. Republica de Panama 1460, Lima",-12.104419,-76.837848
"Jr. Junin 749, Lima",-12.096163,-76.8
"Av. Tacna 1695, Lima",-12.179783,-76.862555
"Av. Arequipa 382, Lima",-12.126849,-77.137519
"Av. Benavides 750, Lima",-12.177677,-76.840543
"Av. Arequipa 2379, Lima",-12.032804,-76.8
"Av. Arequipa 706, Lima",-12.057618,-76.837764
"Av. San Martin 1441, Lima",-11.971196,-77.15779
"Av. Alfonso Ugarte 2544, Lima",-11.897994,-77.040195
"Av. Arenales 2555, Lima",-12.139125,-77.02679
"Jr. Camana 1389, Lima",-11.919187,-77.187349
"Av. Salaverry 2930, Lima",-11.984429,-76.8
"Av. Petit Thouars 386, Lima",-12.225194,-76.8
"Av. Javier Prado 2935, Lima",-12.271637,-77.026349
"Jr. de la Union 972, Lima",-12.126108,-77.18924
"Av. La Marina 120, Lima",-12.082548,-76.8
"Av. Petit Thouars 2925, Lima",-12.100938,-77.086819
"Av. Javier Prado 1861, Lima",-12.288074,-76.990585
"Jr. Junin 1394, Lima",-12.06007,-76.986982
"Jr. de la Union 754, Lima",-11.893991,-76.891445
"Av. Petit Thouars 439, Lima",-12.05892,-77.042977
"Jr. Junin 2493, Lima",-11.90167,-77.10158
"Jr. Junin 2466, Lima",-12.141288,-76.806346
"Av. Primavera 2467, Lima",-11.981735,-77.069765
"Av. Tacna 2862, Lima",-12.187698,-76.835775
"Av. Benavides 2730, Lima",-11.886751,-76.942911
"Av. Benavides 2635, Lima",-12.268431,-76.948963
"Av. Universitaria 755, Lima",-12.057909,-76.954584
"Jr. de la Union 536, Lima",-11.812482,-77.177655
"Av. Benavides 515, Lima",-12.135209,-76.828392
"Av. Alfonso Ugarte 539, Lima",-12.2799,-76.891146
"Av. Republica de Panama 2972, Lima",-12.185836,-77.188796
"Av. Primavera 1186, Lima",-11.86957,-77.11983
"Av. Larco 88, Lima",-12.229762,-77.058088
"Av. Javier Prado 905, Lima",-12.159885,-77.038796
"Av. Benavides 781, Lima",-12.03338,-76.854149
"Av. Alfonso Ugarte 222, Lima",-12.210624,-76.97524
"Av. Javier Prado 2651, Lima",-12.211095,-77.093167
"Av. Javier Prado 192, Lima",-12.017539,-76.993277
"Av. Tacna 2792, Lima",-12.218916,-77.090667
"Av. Aviacion 582, Lima",-11.804976,-76.810124
"Av. San Martin 451, Lima",-12.148569,-77.103243
"Av. San Martin 2859, Lima",-12.27654,-76.8
"Av. Arenales 118, Lima",-11.841411,-77.133744
"Av. San Martin 797, Lima",-11.873275,-76.827403
"Av. Salaverry 155, Lima",-12.195935,-76.973878
"Av. Arenales 1389, Lima",-12.146155,-76.8
"Av. Larco 765, Lima",-12.217813,-76.928241
"Av. Brasil 2160, Lima",-12.195023,-76.850754
"Av. Javier Prado 345, Lima",-11.913407,-76.822863
"Av. Salaverry 355, Lima",-11.907601,-76.925207
"Jr. Camana 1374, Lima",-12.079154,-77.165902
"Av. Angamos 2600, Lima",-12.173613,-76.814798
"Av. Arequipa 1923, Lima",-12.182421,-76.886203
"Av. Brasil 2118, Lima",-12.287505,-76.946823
"Av. La Marina 339, Lima",-11.847527,-76.804643
"Av. Petit Thouars 1652, Lima",-11.861055,-76.804489
"Av. La Marina 1175, Lima",-12.184516,-77.091349
"Av. Arenales 567, Lima",-12.009063,-77.09878
"Av. Alfonso Ugarte 161, Lima",-11.884675,-77.036319
"Av. Larco 406, Lima",-11.921926,-77.098419
"Av. La Marina 1498, Lima",-11.964836,-77.125207
"Av. Larco 1012, Lima",-11.857158,-77.05914
"Av. San Martin 94, Lima",-12.264483,-77.131853
"Av. Arenales 1596, Lima",-11.978921,-77.161883
"Av. Salaverry 793, Lima",-12.265293,-76.983523
"Av. Primavera 2600, Lima",-12.182553,-77.02416
"Jr. Junin 16, Lima",-11.820015,-77.103159
"Av. Tacna 2461, Lima",-12.099789,-77.12247
"Av. Angamos 488, Lima",-12.081756,-76.812424
"Av. La Marina 662, Lima",-11.961029,-77.174959
"Av. Larco 1485, Lima",-11.887383,-76.8
"Av. Primavera 2233, Lima",-12.050015,-77.170653
"Av. Brasil 2872, Lima",-12.293587,-77.066322
"Av. Primavera 2880, Lima",-12.127813,-76.8
"Av. Arenales 205, Lima",-11.897755,-76.87817
"Av. Arequipa 1701, Lima",-12.105614,-77.187244
"Av. Benavides 1892, Lima",-12.00038,-76.894848
"Av. Brasil 1085, Lima",-11.863749,-77.16628
"Jr. de la Union 2760, Lima",-12.004783,-76.950407
"Av. San Martin 2670, Lima",-12.153009,-76.81099
"Jr. Camana 1805, Lima",-11.908124,-76.8
"Av. Universitaria 340, Lima",-12.246227,-76.8
"Av. Javier Prado 2650, Lima",-11.892279,-76.957781
"Av. Republica de Panama 2938, Lima",-12.249184,-77.14619
"Av. Arenales 2824, Lima",-11.909122,-76.902622
"Av. San Martin 1922, Lima",-11.999866,-77.084437
"Jr. de la Union 1665, Lima",-12.296761,-77.170661
"Jr. de la Union 2586, Lima",-12.086784,-76.958918
"Av. Universitaria 41, Lima",-11.917358,-76.949297
"Av. Angamos 1981, Lima",-12.225222,-76.8
"Av. Tacna 1866, Lima",-12.149333,-76.934882
"Av. Petit Thouars 271, Lima",-12.071335,-77.117951
"Av. Primavera 787, Lima",-12.226756,-76.921549
"Av. Salaverry 605, Lima",-12.292344,-77.162359
"Av. Aviacion 418, Lima",-12.247315,-77.126776
"Av. Arequipa 1055, Lima",-11.873485,-76.973053
"Av. Arenales 2507, Lima",-11.961707,-76.8
"Av. Larco 2713, Lima",-11.919694,-76.969011
"Jr. de la Union 881, Lima",-12.193323,-76.803745
"Av. Primavera 373, Lima",-12.209722,-76.948196
"Av. Arenales 923, Lima",-11.83961,-76.986049
"Av. Alfonso Ugarte 1727, Lima",-12.061089,-76.942354
"Av. Salaverry 2866, Lima",-12.144634,-76.933687
"Av. Salaverry 1049, Lima",-12.081952,-77.113402
"Av. Aviacion 351, Lima",-11.911345,-77.075931
"Jr. Camana 1318, Lima",-12.143105,-76.874772
"Av. Angamos 1839, Lima",-12.251848,-76.916963
"Av. San Martin 2840, Lima",-11.864036,-76.92696
"Av. Brasil 1341, Lima",-11.911267,-77.056973
"Av. San Martin 389, Lima",-12.183591,-76.8
"Av. Brasil 1331, Lima",-12.039414,-76.8
"Av. Tacna 2434, Lima",-12.262569,-76.969573
"Jr. de la Union 97, Lima",-12.213289,-76.971118
"Av. Arenales 924, Lima",-12.008247,-76.840641
"Jr. Camana 2232, Lima",-11.997789,-77.176006
"Av. Arequipa 2429, Lima",-12.294734,-77.069405
"Av. Primavera 1036, Lima",-11.899795,-76.978896
"Av. Salaverry 1271, Lima",-11.985437,-76.837911
"Av. Arenales 1757, Lima",-12.205532,-77.188994
"Jr. de la Union 550, Lima",-12.101536,-77.047983
"Jr. Junin 1378, Lima",-11.88076,-77.066571
"Av. Brasil 2442, Lima",-11.882166,-77.035791
"Av. Petit Thouars 296, Lima",-12.134919,-76.99331
"Av. Arenales 1325, Lima",-11.965841,-76.880316
"Av. Javier Prado 1629, Lima",-11.982698,-76.832662
"Av. Primavera 2476, Lima",-11.873375,-76.86923
"Av. Larco 2331, Lima",-11.912644,-77.092158
"Jr. de la Union 878, Lima",-11.885965,-77.063969
"Av. Primavera 2843, Lima",-12.084402,-76.8
"Av. Republica de Panama 1108, Lima",-11.979655,-77.077082
"Jr. Junin 627, Lima",-11.808541,-77.014701
"Jr. Junin 339, Lima",-11.899697,-76.8
"Av. Salaverry 1205, Lima",-12.233311,-76.836258
"Av. Arequipa 2513, Lima",-11.91992,-76.8
"Av. Alfonso Ugarte 2195, Lima",-11.898427,-76.8
"Jr. de la Union 2805, Lima",-12.080704,-77.124215
"Av. Primavera 2546, Lima",-11.911449,-76.874659
"Jr. Junin 219, Lima",-12.286327,-77.00223
"Av. La Marina 319, Lima",-12.2068,-76.943789
"Av. Javier Prado 1405, Lima",-12.180027,-77.132385
"Av. La Marina 1318, Lima",-12.143999,-76.999439
"Av. Petit Thouars 1033, Lima",-11.913827,-76.963523
"Av. Arenales 1407, Lima",-12.116891,-77.018546
"Jr. Camana 1025, Lima",-11.800715,-76.896174
"Av. Brasil 1264, Lima",-12.215091,-76.909903
"Av. Benavides 701, Lima",-12.245755,-76.97841
"Jr. de la Union 2487, Lima",-11.862519,-77.161429
"Av. San Martin 2278, Lima",-12.100349,-77.098224
"Av. Universitaria 1911, Lima",-12.179112,-77.188555
"Av. Tacna 2052, Lima",-11.818447,-76.940566
"Jr. Camana 1102, Lima",-12.298227,-76.834485
"Av. Salaverry 1894, Lima",-11.953845,-76.879628
"Av. Primavera 2929, Lima",-12.012862,-77.08623
"Av. Alfonso Ugarte 1019, Lima",-12.137709,-76.848108
"Av. Benavides 572, Lima",-11.940495,-77.159664
"Av. Republica de Panama 1640, Lima",-12.227525,-77.114354
"Av. La Marina 1548, Lima",-12.107549,-76.876104
"Av. San Martin 2976, Lima",-12.135015,-76.963606
"Av. Tacna 81, Lima",-12.270096,-76.917168
"Av. Angamos 1596, Lima",-12.11826,-77.041238
"Av. Arenales 522, Lima",-11.900141,-77.065436
"Av. Angamos 1031, Lima",-12.125762,-76.940391
"Av. Larco 1952, Lima",-12.121411,-76.818749
"Av. Tacna 2759, Lima",-12.115372,-77.156544
"Jr. Camana 732, Lima",-12.056606,-77.089839
"Av. Javier Prado 376, Lima",-12.124998,-77.090539
"Av. Republica de Panama 2161, Lima",-12.181306,-77.111606
"Av. Alfonso Ugarte 1940, Lima",-11.930005,-77.042722
"Av. Republica de Panama 2269, Lima",-12.119772,-77.025277
"Av. Larco 583, Lima",-12.138875,-76.9776
"Av. Arenales 1470, Lima",-11.904852,-76.977502
"Av. Petit Thouars 1454, Lima",-12.040991,-77.176757
"Av. Angamos 2753, Lima",-12.039927,-76.897093
"Av. Javier Prado 1743, Lima",-11.81335,-77.061726
"Av. Republica de Panama 1457, Lima",-11.966051,-76.892032
"Av. San Martin 1988, Lima",-12.052306,-76.962514
"Av. Petit Thouars 801, Lima",-11.898539,-77.071254
"Jr. Camana 1577, Lima",-12.121109,-76.823633
"Av. Arequipa 2299, Lima",-11.882763,-76.8
"Av. Angamos 879, Lima",-12.002797,-77.161813
"Av. Arequipa 562, Lima",-12.096113,-76.910355
"Jr. Camana 2769, Lima",-11.938369,-76.83541
"Av. Salaverry 2681, Lima",-12.079543,-76.93688
"Av. Primavera 750, Lima",-12.064132,-76.84237
"Av. Alfonso Ugarte 921, Lima",-12.167714,-76.800788
"Av. Salaverry 77, Lima",-12.267846,-76.8
"Av. San Martin 1104, Lima",-12.012304,-76.8
"Av. Tacna 922, Lima",-12.082333,-77.096903
"Av. Brasil 468, Lima",-11.964277,-76.960462
"Av. Javier Prado 1685, Lima",-12.240757,-76.823602
"Av. Benavides 2370, Lima",-11.810168,-76.964067
"Av. Alfonso Ugarte 2025, Lima",-12.069743,-77.001138
"Av. Arequipa 956, Lima",-11.809836,-77.080831
"Av. Aviacion 2136, Lima",-11.882995,-76.903632
"Av. Arenales 2195, Lima",-11.900533,-77.106141
"Av. Javier Prado 1209, Lima",-12.255098,-77.153357
"Av. Arequipa 2104, Lima",-11.949021,-76.8
"Av. Primavera 377, Lima",-12.171274,-76.83118
"Av. Tacna 2080, Lima",-12.103929,-76.8
"Av. Primavera 2003, Lima",-12.272524,-76.8
"Jr. Camana 849, Lima",-11.845266,-76.93305
"Av. Aviacion 2502, Lima",-12.132725,-76.8
"Jr. Junin 1075, Lima",-12.161129,-77.022726
"Av. La Marina 1443, Lima",-11.858039,-76.964446
"Av. San Martin 1170, Lima",-12.06832,-76.8
"Av. Angamos 2259, Lima",-12.168146,-77.040771
"Av. San Martin 240, Lima",-12.014084,-76.834125
"Av. Arenales 261, Lima",-11.951119,-76.8
"Av. Benavides 2139, Lima",-11.999623,-77.178849
"Av. Benavides 215, Lima",-12.199374,-77.11431
"Jr. Junin 104, Lima",-12.232545,-77.024444
"Av. Petit Thouars 2229, Lima",-12.068301,-76.947319
"Av. Benavides 728, Lima",-12.200216,-76.807555
"Av. Primavera 314, Lima",-12.09695,-76.857912
"Av. Primavera 916, Lima",-12.138815,-76.862968
"Av. Arenales 1243, Lima",-12.292986,-77.167858
"Av. Javier Prado 1611, Lima",-12.16572,-76.845266
"Av. Alfonso Ugarte 2460, Lima",-12.129946,-76.855508
"Jr. de la Union 123, Lima",-11.902092,-77.189388
"Av. La Marina 772, Lima",-12.253851,-76.876496
"Av. Benavides 309, Lima",-12.078661,-77.054504
"Av. Tacna 1432, Lima",-12.25477,-76.923157
"Av. Tacna 2037, Lima",-12.051158,-77.035786
"Av. Brasil 2336, Lima",-12.235767,-76.992898
"Av. Alfonso Ugarte 2785, Lima",-12.047795,-76.833301
"Av. Arenales 1200, Lima",-11.997032,-76.8
"Av. Brasil 293, Lima",-11.886934,-77.065978
"Av. Salaverry 2378, Lima",-11.891898,-77.016502
"Jr. Junin 278, Lima",-11.901261,-77.000345
"Av. Angamos 2858, Lima",-12.132071,-77.026887
"Av. Salaverry 2623, Lima",-12.098242,-77.048913
"Av. San Martin 2706, Lima",-11.928418,-77.038775
"Av. San Martin 2650, Lima",-12.120804,-76.835862
"Av. Salaverry 596, Lima",-11.988432,-77.147632
"Jr. Junin 695, Lima",-11.909366,-77.189608
"Jr. Junin 2288, Lima",-12.160881,-77.035979
"Av. Salaverry 1066, Lima",-12.167202,-76.911811
"Av. Javier Prado 1311, Lima",-11.842479,-77.140347
"Av. Angamos 1478, Lima",-11.822939,-77.017354
"Jr. Junin 718, Lima",-12.150849,-76.829233
"Av. Arequipa 134, Lima",-11.943694,-76.99315
"Av. Tacna 1514, Lima",-11.96788,-76.8
"Jr. de la Union 524, Lima",-11.973991,-76.841921
"Av. Arenales 124, Lima",-12.064883,-77.062898
"Av. Larco 1452, Lima",-11.984122,-76.8
"Av. Arenales 935, Lima",-12.037144,-77.14405
"Av. Larco 1878, Lima",-11.83626,-76.962443
"Av. Larco 799, Lima",-11.982041,-76.997607
"Av. Alfonso Ugarte 220, Lima",-11.823659,-76.810686
"Av. Brasil 2611, Lima",-12.212131,-76.956089
"Av. Petit Thouars 1831, Lima",-12.013326,-76.957565
"Av. Larco 479, Lima",-12.261251,-76.8
"Av. Aviacion 2957, Lima",-12.2836,-77.040683
"Av. Angamos 2482, Lima",-11.910672,-77.151209
"Av. Alfonso Ugarte 2304, Lima",-12.265436,-76.838328
"Av. Alfonso Ugarte 190, Lima",-11.969396,-77.055562
"Av. La Marina 2451, Lima",-12.200733,-77.102618
"Av. Aviacion 1827, Lima",-11.984845,-76.8
"Av. Alfonso Ugarte 1499, Lima",-12.031783,-77.023839
"Av. Republica de Panama 2670, Lima",-12.273063,-76.82339
"Av. Arenales 795, Lima",-12.233481,-76.937068
"Av. Primavera 498, Lima",-12.12223,-77.165265
"Jr. Junin 1130, Lima",-11.934923,-76.8
"Av. Alfonso Ugarte 2991, Lima",-11.857269,-76.826563
"Av. Aviacion 2403, Lima",-12.279469,-77.099902
"Av. Arequipa 1313, Lima",-11.870289,-76.883443
"Av. Salaverry 1399, Lima",-12.242583,-76.8
"Av. Arenales 2121, Lima",-12.007181,-77.041126
"Av. Javier Prado 1710, Lima",-11.907906,-76.8
"Av. La Marina 1577, Lima",-12.244308,-76.8
"Av. Universitaria 1608, Lima",-12.212092,-76.87218
"Av. Javier Prado 1015, Lima",-12.277463,-77.029673
"Av. Arenales 1546, Lima",-11.981895,-77.003574
"Av. Larco 257, Lima",-12.186379,-77.132995
"Av. Brasil 2185, Lima",-12.110927,-77.165701
"Av. Arenales 2481, Lima",-12.06389,-77.08932
"Av. La Marina 2871, Lima",-12.249585,-77.132073
"Av. Arequipa 2182, Lima",-11.818184,-77.073984
"Av. Petit Thouars 412, Lima",-11.92521,-76.995689
"Av. Aviacion 2961, Lima",-11.812273,-76.87934
"Av. Angamos 1589, Lima",-12.031852,-77.057286
"Av. Alfonso Ugarte 1484, Lima",-11.912485,-76.849837
"Av. Salaverry 1648, Lima",-11.835897,-76.8
"Av. San Martin 1821, Lima",-11.83049,-76.94869
"Av. Primavera 1892, Lima",-12.057603,-76.925276
"Av. Larco 1362, Lima",-12.265465,-76.853626
"Av. Brasil 2101, Lima",-11.860273,-77.063192
"Av. Tacna 2786, Lima",-12.27066,-77.069888
"Av. Petit Thouars 2949, Lima",-12.222256,-76.8
"Av. Aviacion 89, Lima",-11.837355,-76.881798
"Av. Republica de Panama 1194, Lima",-12.236543,-77.142642
"Av. Petit Thouars 35, Lima",-12.090388,-77.091129
"Jr. Junin 576, Lima",-12.217144,-76.945042
"Av. Primavera 118, Lima",-12.23465,-76.827285
"Jr. de la Union 1366, Lima",-12.226879,-77.043718
"Jr. Junin 2423, Lima",-11.814727,-77.100932
"Av. Universitaria 2164, Lima",-11.822306,-77.081981
"Jr. Camana 749, Lima",-11.90622,-77.051722
"Av. Benavides 162, Lima",-11.878358,-77.188309
"Av. San Martin 295, Lima",-12.15226,-77.020473
"Av. Brasil 1462, Lima",-12.137439,-77.175368
"Av. Arequipa 2574, Lima",-12.281223,-77.028029
"Av. Tacna 2577, Lima",-11.871958,-76.828661
"Jr. de la Union 327, Lima",-11.932463,-76.805603
"Jr. Junin 1435, Lima",-11.948752,-76.852939
"Jr. Camana 2646, Lima",-11.968993,-76.8
"Av. Arenales 1372, Lima",-12.166292,-76.988588
"Av. La Marina 1572, Lima",-12.074737,-77.001041
"Jr. Camana 1324, Lima",-11.993642,-76.905782
"Av. Brasil 1394, Lima",-12.283546,-76.862401
"Av. Universitaria 840, Lima",-11.994763,-77.116323
"Jr. de la Union 1800, Lima",-12.005546,-76.870303
"Av. La Marina 764, Lima",-12.106389,-76.948417
"Av. Salaverry 1764, Lima",-12.19821,-77.145332
"Av. Republica de Panama 1837, Lima",-11.967604,-76.902483
"Av. Salaverry 1825, Lima",-12.04921,-76.997085
"Av. Aviacion 1642, Lima",-12.119244,-77.040825
"Jr. Camana 1231, Lima",-11.981067,-76.883767
"Av. Brasil 1576, Lima",-12.03303,-76.804583
"Jr. Junin 2486, Lima",-12.129977,-76.8
"Av. Alfonso Ugarte 595, Lima",-12.030676,-76.98075
"Jr. Junin 842, Lima",-12.052412,-77.182787
"Av. Javier Prado 1057, Lima",-12.10505,-76.902159
"Av. La Marina 2732, Lima",-11.877371,-76.803219
"Av. Arenales 488, Lima",-12.237604,-76.927666
"Av. Brasil 1657, Lima",-11.945864,-76.8
"Av. Angamos 1480, Lima",-11.864805,-76.815486
"Av. Aviacion 2400, Lima",-11.970674,-77.019835
"Av. Arequipa 539, Lima",-12.064142,-76.817254
"Av. Javier Prado 388, Lima",-12.28218,-76.822914
"Av. Javier Prado 2405, Lima",-12.0862,-77.067464
"Av. Aviacion 1816, Lima",-12.258698,-76.8
"Av. Universitaria 858, Lima",-12.242682,-77.151106
"Av. Brasil 2963, Lima",-12.167745,-77.179443
"Av. San Martin 1065, Lima",-12.223876,-77.11638
"Av. Universitaria 1873, Lima",-11.953764,-77.08628
"Jr. Junin 528, Lima",-11.904004,-76.900121
"Av. Aviacion 175, Lima",-12.27829,-76.949279
"Av. Universitaria 2094, Lima",-11.860319,-77.074978
"Av. Brasil 823, Lima",-12.006063,-77.059384
"Jr. Junin 1902, Lima",-12.12165,-76.905551
"Jr. Junin 150, Lima",-12.09705,-77.009237
"Av. San Martin 1840, Lima",-11.950508,-77.020854
"Av. Aviacion 668, Lima",-11.807794,-76.980712
"Av. Aviacion 2295, Lima",-11.952713,-77.138751
"Av. Primavera 2051, Lima",-11.869937,-76.886114
"Av. Alfonso Ugarte 1996, Lima",-12.039908,-76.90315
"Av. San Martin 2143, Lima",-11.963456,-76.993935
"Av. Tacna 643, Lima",-11.846331,-76.861425
"Av. Angamos 2943, Lima",-12.051213,-77.016453
"Av. La Marina 41, Lima",-12.106775,-77.131486
"Av. San Martin 1329, Lima",-12.276098,-76.880792
"Av. Alfonso Ugarte 1367, Lima",-12.264271,-77.189914
"Jr. de la Union 1416, Lima",-12.078344,-76.8
"Av. Petit Thouars 1693, Lima",-12.008092,-77.180948
"Av. San Martin 2218, Lima",-12.092383,-77.121804
"Jr. Camana 2868, Lima",-11.983501,-77.062244
"Av. Javier Prado 377, Lima",-11.881214,-76.991761
"Av. Alfonso Ugarte 1268, Lima",-12.162146,-76.8
"Av. Angamos 1704, Lima",-12.014872,-76.806936
"Av. Brasil 353, Lima",-12.142275,-76.837305
"Av. Brasil 2735, Lima",-12.093737,-76.858617
"Av. Benavides 972, Lima",-12.043969,-77.09284
"Jr. de la Union 2998, Lima",-12.151294,-76.993763
"Av. Salaverry 248, Lima",-11.872115,-76.975237
"Av. Tacna 880, Lima",-11.977194,-77.137399
"Jr. Junin 1315, Lima",-12.040732,-77.149238
"Av. Angamos 289, Lima",-11.965473,-76.973033
"Jr. de la Union 1982, Lima",-11.822106,-77.042777
"Av. Brasil 1345, Lima",-12.137963,-76.912857
"Jr. Camana 219, Lima",-11.99952,-77.032685
"Av. Javier Prado 1562, Lima",-11.809107,-76.907635
"Av. Tacna 2275, Lima",-12.216056,-76.884035
"Av. Arequipa 276, Lima",-12.01871,-76.82953
"Jr. Camana 1048, Lima",-12.049409,-77.132035
"Jr. de la Union 447, Lima",-12.101823,-77.099503
"Av. La Marina 2850, Lima",-12.071869,-76.8
"Av. San Martin 1361, Lima",-12.076152,-77.147766
"Jr. Camana 1818, Lima",-12.230959,-76.86107
"Av. Salaverry 1158, Lima",-12.227045,-77.177786
"Av. Alfonso Ugarte 2574, Lima",-12.283226,-77.010857
"Av. Javier Prado 1754, Lima",-11.811744,-77.042309
"Av. Primavera 903, Lima",-12.185847,-76.882329
"Av. San Martin 138, Lima",-12.04967,-77.009124
"Av. Universitaria 410, Lima",-11.940289,-77.025295
"Av. San Martin 1537, Lima",-12.061663,-77.033754
"Av. Primavera 2740, Lima",-12.142748,-77.113868
"Av. Salaverry 2005, Lima",-12.133245,-77.182971
"Av. Primavera 2144, Lima",-11.853476,-77.187442
"Av. Angamos 2529, Lima",-12.188562,-77.055587
"Av. Arenales 2261, Lima",-12.238317,-76.925818
"Av. La Marina 2002, Lima",-12.228399,-77.006834
"Jr. Junin 1630, Lima",-11.980992,-77.163127
"Av. Universitaria 2951, Lima",-12.106561,-76.812322
"Av. Arenales 1674, Lima",-12.150721,-76.964692
"Av. Larco 236, Lima",-12.189007,-76.920853
"Jr. de la Union 1042, Lima",-12.227115,-76.877758
"Av. Aviacion 555, Lima",-12.133552,-77.058625
"Av. Aviacion 2086, Lima",-11.87856,-76.857709
"Av. Petit Thouars 1412, Lima",-12.291717,-76.8
"Av. Benavides 844, Lima",-12.245931,-77.04361
"Jr. Camana 911, Lima",-11.920133,-77.175621
"Av. Javier Prado 1697, Lima",-12.131651,-77.144173
"Av. Arenales 395, Lima",-12.044082,-76.809217
"Av. Angamos 71, Lima",-12.133179,-76.943719
"Av. Arequipa 981, Lima",-12.178182,-76.817394
"Av. Arequipa 2013, Lima",-11.850391,-76.8
"Jr. Camana 2376, Lima",-12.169438,-76.887989
"Av. Arequipa 1668, Lima",-12.122058,-76.859482
"Av. Angamos 641, Lima",-11.91736,-76.854053
"Av. La Marina 2978, Lima",-12.237525,-76.8
"Av. Alfonso Ugarte 1173, Lima",-12.060046,-76.895754
"Av. Arenales 397, Lima",-12.244486,-76.806916
"Av. Petit Thouars 1975, Lima",-12.189919,-77.045679
"Jr. Camana 1601, Lima",-12.186029,-77.167311
"Av. Arenales 1195, Lima",-12.297563,-76.969938
"Jr. de la Union 803, Lima",-11.901139,-77.120225
"Av. Primavera 2923, Lima",-11.891222,-77.142442
"Jr. Junin 2632, Lima",-11.891365,-77.148425
"Av. Arenales 2791, Lima",-11.981082,-76.873033
"Jr. Junin 2655, Lima",-11.98146,-77.120619
"Av. Republica de Panama 2681, Lima",-12.291255,-76.975809
"Jr. de la Union 20, Lima",-12.022728,-76.92811
"Av. Javier Prado 2104, Lima",-12.149305,-76.990285
"Jr. de la Union 2556, Lima",-11.905609,-76.924393
"Av. Aviacion 941, Lima",-12.019215,-76.899437
"Av. Petit Thouars 224, Lima",-12.202587,-77.147287
"Jr. Camana 787, Lima",-12.258725,-77.122606
"Av. Alfonso Ugarte 968, Lima",-11.861982,-76.957619
"Av. Larco 194, Lima",-11.880736,-76.843585
"Av. Angamos 1834, Lima",-12.147572,-77.08774
"Av. Javier Prado 2073, Lima",-11.823752,-77.008722
"Av. San Martin 375, Lima",-12.12214,-77.132868
"Av. Arequipa 2453, Lima",-11.859925,-76.946349
"Av. Angamos 2316, Lima",-12.230817,-77.142943
"Av. Benavides 164, Lima",-11.999532,-76.8
"Av. San Martin 2180, Lima",-12.178257,-77.048639
"Av. Alfonso Ugarte 1811, Lima",-11.893517,-76.970777
"Av. Petit Thouars 1923, Lima",-12.159354,-77.063921
"Av. Petit Thouars 220, Lima",-12.001761,-76.8
"Av. San Martin 2710, Lima",-12.283819,-76.944964
"Jr. Junin 1116, Lima",-12.224266,-77.175871
"Av. Angamos 1789, Lima",-11.914933,-76.8
"Av. Petit Thouars 358, Lima",-12.000961,-77.028905
"Av. Arenales 2781, Lima",-11.876385,-76.911922
"Av. Primavera 2951, Lima",-12.119642,-76.892652
"Av. Aviacion 2039, Lima",-11.902849,-76.934711
"Jr. de la Union 2058, Lima",-11.815905,-76.80862
"Av. Arenales 276, Lima",-11.944154,-76.922056
"Av. Alfonso Ugarte 2247, Lima",-12.274698,-77.077402
"Av. Benavides 1569, Lima",-12.086705,-77.050349
"Jr. Junin 1877, Lima",-11.887025,-76.8
"Av. Alfonso Ugarte 1776, Lima",-12.014424,-76.982938
"Av. Tacna 394, Lima",-12.164481,-77.07636
"Av. Salaverry 2449, Lima",-12.01045,-77.018757
"Av. Javier Prado 358, Lima",-12.262025,-77.026068
"Av. Arenales 805, Lima",-12.020482,-77.010237
"Av. Alfonso Ugarte 1030, Lima",-12.258562,-77.099951
"Av. Arenales 394, Lima",-12.021386,-76.889768
"Av. Primavera 935, Lima",-11.893684,-77.044988
"Av. Universitaria 98, Lima",-11.901222,-76.897997
"Av. Larco 1543, Lima",-11.80052,-76.970206
"Av. Alfonso Ugarte 316, Lima",-11.808629,-77.156226
"Av. San Martin 2350, Lima",-11.989519,-76.982563
"Av. San Martin 210, Lima",-12.186358,-77.080738
"Av. Salaverry 2511, Lima",-12.280247,-77.17683
"Av. Angamos 2494, Lima",-11.893517,-76.8
"Av. Benavides 1769, Lima",-12.239059,-76.944628
"Av. Universitaria 1662, Lima",-12.166956,-76.925489
"Av. Alfonso Ugarte 1669, Lima",-12.069173,-77.107643
"Av. Tacna 1143, Lima",-12.029468,-77.115863
"Av. Benavides 103, Lima",-12.049274,-77.100887
"Av. Javier Prado 238, Lima",-12.27967,-77.150088
"Av. Larco 43, Lima",-12.160367,-77.037734
"Jr. Junin 895, Lima",-12.18996,-76.961756
"Av. La Marina 1580, Lima",-12.21223,-77.039814
"Av. Javier Prado 192, Lima",-12.061729,-76.973578
"Av. Aviacion 1027, Lima",-11.895708,-76.930043
"Av. Brasil 533, Lima",-11.949572,-76.8
"Av. Republica de Panama 1903, Lima",-12.062539,-77.096097
"Av. Alfonso Ugarte 2020, Lima",-12.241984,-76.843036
"Av. Universitaria 2547, Lima",-12.08217,-77.160631
"Jr. de la Union 2652, Lima",-11.833714,-77.117679
"Av. Benavides 231, Lima",-12.153025,-77.115653
"Av. Alfonso Ugarte 2921, Lima",-11.931841,-76.828836
"Av. La Marina 1391, Lima",-12.00817,-76.8
"Av. Universitaria 595, Lima",-11.824874,-76.8
"Av. San Martin 1973, Lima",-12.197617,-77.185817
"Av. Universitaria 37, Lima",-12.191514,-77.146448
"Jr. Camana 664, Lima",-12.109373,-76.949365
"Av. Javier Prado 77, Lima",-11.842669,-77.123471
"Av. Alfonso Ugarte 2177, Lima",-12.231331,-76.870352
"Av. Benavides 2253, Lima",-11.837255,-76.910835
"Av. Salaverry 1275, Lima",-12.221467,-77.162292
"Av. Aviacion 667, Lima",-11.960634,-77.183271
"Av. La Marina 724, Lima",-12.002945,-77.043031
"Av. Angamos 1076, Lima",-11.82518,-77.102368
"Av. Petit Thouars 965, Lima",-11.807089,-76.946151
"Av. Republica de Panama 1725, Lima",-12.151623,-76.881291
"Jr. Camana 341, Lima",-12.089734,-77.070584
"Av. Larco 2417, Lima",-12.16042,-76.820938
"Av. Petit Thouars 2864, Lima",-12.085821,-76.835153
"Av. Republica de Panama 2265, Lima",-12.2051,-77.166542
"Av. Petit Thouars 2384, Lima",-11.894673,-77.18707
"Av. Brasil 1320, Lima",-12.158414,-76.8
"Av. Angamos 1311, Lima",-12.118922,-77.017626
"Av. San Martin 2787, Lima",-11.87658,-76.8
"Av. Brasil 2937, Lima",-11.833476,-77.109182
"Av. La Marina 1909, Lima",-11.817502,-76.8
"Av. Primavera 384, Lima",-12.076978,-76.802391
"Av. Aviacion 518, Lima",-11.808368,-77.158279
"Av. Tacna 2563, Lima",-12.232601,-77.090785
"Av. Republica de Panama 1563, Lima",-12.119504,-77.146755
"Av. La Marina 923, Lima",-12.212999,-76.992996
"Av. Universitaria 1638, Lima",-12.195591,-77.183711
"Av. Brasil 1618, Lima",-12.096127,-76.87287
"Av. Benavides 1174, Lima",-11.989831,-77.116759
"Av. Arequipa 1922, Lima",-12.175327,-77.103403
"Av. Benavides 2795, Lima",-11.917277,-76.92781
"Av. Universitaria 1348, Lima",-12.266888,-77.153202
"Av. Javier Prado 1535, Lima",-12.135983,-77.122594
"Av. Salaverry 1579, Lima",-11.958831,-76.942045
"Av. La Marina 1041, Lima",-12.266129,-77.176979
"Av. Aviacion 1615, Lima",-11.833791,-77.189474
"Jr. Junin 1896, Lima",-11.900199,-76.948457
"Av. Aviacion 790, Lima",-11.895252,-77.034381
"Av. Javier Prado 49, Lima",-12.013779,-77.129655
"Av. Arequipa 428, Lima",-12.042041,-76.8
"Av. Arequipa 1452, Lima",-12.263828,-76.8
"Jr. Camana 2468, Lima",-12.05627,-76.838832
"Jr. Camana 1549, Lima",-11.929309,-76.889602
"Av. Brasil 2790, Lima",-12.137991,-77.14857
"Av. Aviacion 2794, Lima",-12.157691,-77.147636
"Av. Republica de Panama 2045, Lima",-12.219033,-77.163704
"Av. Javier Prado 2643, Lima",-11.846119,-76.865374
"Av. Arequipa 2152, Lima",-12.005917,-77.031443
"Av. Benavides 1240, Lima",-11.941302,-77.035081
"Av. Salaverry 791, Lima",-12.179168,-76.8
"Av. Alfonso Ugarte 2559, Lima",-11.81625,-77.021805
"Jr. Junin 2938, Lima",-12.097128,-76.912465
"Av. Javier Prado 528, Lima",-11.897851,-76.8
"Av. Aviacion 125, Lima",-12.197316,-76.908322
"Av. Petit Thouars 1796, Lima",-12.172967,-76.8
"Av. San Martin 307, Lima",-11.806725,-76.80205
"Jr. Junin 1376, Lima",-12.174032,-76.870382
"Av. Brasil 2845, Lima",-11.930828,-76.821861
"Av. La Marina 1054, Lima",-12.115505,-76.846493
"Av. Tacna 337, Lima",-12.226179,-76.963798
"Av. Brasil 2522, Lima",-12.166761,-76.81309
"Av. San Martin 153, Lima",-11.892975,-77.172575
"Av. Tacna 1854, Lima",-11.914355,-76.8
"Av. Salaverry 1816, Lima",-11.906496,-76.842886
"Av. Brasil 2987, Lima",-11.839942,-76.846377
"Av. Javier Prado 2791, Lima",-12.224582,-77.048154
"Av. La Marina 1400, Lima",-12.137547,-76.97031
"Av. Republica de Panama 2077, Lima",-12.144718,-76.896842
"Av. Salaverry 1135, Lima",-11.885754,-77.062534
"Av. Salaverry 211, Lima",-12.196629,-76.8
"Av. Petit Thouars 818, Lima",-12.137084,-77.02446
"Av. Arenales 1037, Lima",-11.923824,-77.002277
"Av. Brasil 576, Lima",-12.249631,-76.830298
"Av. Benavides 96, Lima",-12.272405,-76.912134
"Av. Salaverry 286, Lima",-12.242158,-76.975547
"Av. Benavides 1147, Lima",-11.814067,-77.161743
"Av. Salaverry 1736, Lima",-11.874314,-76.8
"Av. Larco 2756, Lima",-12.132843,-77.155086
"Av. Aviacion 1050, Lima",-12.138134,-77.162031
"Av. Benavides 257, Lima",-11.832269,-77.03986
"Av. Arenales 1427, Lima",-12.278902,-76.987055
"Av. Alfonso Ugarte 1379, Lima",-11.811427,-76.940284
"Av. Primavera 407, Lima",-11.890979,-76.8
"Av. Salaverry 1419, Lima",-12.073798,-76.8
"Jr. Junin 1540, Lima",-11.951352,-77.139396
"Av. Arenales 2244, Lima",-11.911688,-76.860632
"Jr. Junin 850, Lima",-12.057451,-77.110548
"Av. Tacna 1937, Lima",-12.289619,-77.110529
"Jr. Camana 987, Lima",-12.045556,-77.076767
"Av. Primavera 1752, Lima",-11.895575,-76.890536
"Av. Benavides 78, Lima",-12.142492,-77.102294
"Av. Alfonso Ugarte 1308, Lima",-11.891173,-77.069066
"Av. Salaverry 917, Lima",-11.83395,-76.8
"Av. Republica de Panama 349, Lima",-12.065179,-76.974405
"Av. Aviacion 1605, Lima",-11.96227,-76.935981
"Jr. Junin 2543, Lima",-12.176211,-76.961744
"Av. Primavera 659, Lima",-12.109448,-77.066426
"Av. Petit Thouars 2930, Lima",-12.076331,-76.823226
"Av. Tacna 461, Lima",-12.277651,-76.8
"Av. Universitaria 1375, Lima",-12.165173,-77.120645
"Av. San Martin 608, Lima",-12.242229,-76.8
"Av. Aviacion 348, Lima",-12.269399,-77.110691
"Av. Primavera 1302, Lima",-12.193005,-76.957821
"Jr. Camana 1987, Lima",-12.096437,-77.157739
"Av. Larco 1097, Lima",-12.032167,-76.8
"Jr. Junin 1803, Lima",-11.807524,-77.024888
"Av. Universitaria 615, Lima",-12.071734,-76.813408
"Av. Benavides 2986, Lima",-12.285505,-76.888629
"Jr. de la Union 323, Lima",-12.233276,-76.836079
"Av. Alfonso Ugarte 142, Lima",-12.065573,-76.859237
"Jr. Camana 2156, Lima",-11.85825,-76.828873
"Av. Larco 481, Lima",-11.89434,-76.963401
"Av. Larco 1394, Lima",-11.911477,-77.170973
"Jr. de la Union 759, Lima",-11.871326,-77.095581
"Jr. de la Union 1158, Lima",-12.169108,-77.128925
"Av. Arequipa 2848, Lima",-11.827086,-76.846599
"Jr. Junin 2657, Lima",-12.099419,-76.990571
"Av. Aviacion 2765, Lima",-12.18674,-76.868939
"Av. Petit Thouars 2659, Lima",-11.850185,-76.948562
"Av. Javier Prado 1338, Lima",-12.055416,-77.061418
"Av. San Martin 1866, Lima",-12.108834,-77.17144
"Jr. Junin 407, Lima",-12.265819,-77.046195
"Av. Petit Thouars 915, Lima",-12.173602,-76.8
"Av. Salaverry 115, Lima",-11.915698,-76.991248
"Av. Brasil 1492, Lima",-11.94012,-77.125921
"Av. Universitaria 2731, Lima",-12.252548,-76.9299
"Av. Tacna 2696, Lima",-12.23124,-76.8
"Av. Salaverry 302, Lima",-11.905982,-76.8
"Av. Benavides 2684, Lima",-12.239533,-77.184952
"Av. Primavera 2121, Lima",-11.84934,-76.917724
"Jr. Camana 953, Lima",-11.948459,-76.871403
"Av. Javier Prado 2922, Lima",-12.129657,-76.925383
"Av. Universitaria 1523, Lima",-11.967584,-76.87523
"Av. Petit Thouars 2499, Lima",-12.070884,-77.140647
"Av. Tacna 1866, Lima",-12.10873,-76.8
"Av. Universitaria 2410, Lima",-12.266161,-77.073714
"Jr. de la Union 245, Lima",-11.833935,-77.081568
"Av. Benavides 1520, Lima",-12.276243,-77.117179
"Jr. Junin 1908, Lima",-12.200305,-76.858548
"Av. Alfonso Ugarte 1815, Lima",-12.097099,-77.167056
"Av. La Marina 1655, Lima",-12.20498,-77.178865
"Av. Petit Thouars 986, Lima",-12.115026,-76.9547
"Av. Tacna 293, Lima",-11.945209,-76.832843
"Av. Benavides 675, Lima",-11.807452,-76.8
"Av. Benavides 571, Lima",-12.255271,-77.119324
"Av. Petit Thouars 1772, Lima",-12.118716,-77.138269
"Av. Benavides 2177, Lima",-12.234139,-77.120804
"Jr. Junin 208, Lima",-11.966076,-76.8
"Av. San Martin 656, Lima",-12.112371,-77.081965
"Av. Arenales 1743, Lima",-12.131913,-77.066155
"Av. Benavides 1527, Lima",-11.852268,-76.974123
"Av. Javier Prado 32, Lima",-12.269647,-76.890516
"Av. Salaverry 324, Lima",-11.844943,-77.115818
"Av. Benavides 1501, Lima",-11.867078,-76.90507
"Av. Primavera 358, Lima",-11.980452,-77.002577
"Av. Arequipa 1927, Lima",-11.862803,-76.881048
"Av. Brasil 2120, Lima",-12.299117,-76.908299
"Av. Tacna 779, Lima",-11.880827,-76.814956
"Av. Larco 2141, Lima",-12.200094,-76.932406
"Av. Republica de Panama 2702, Lima",-11.930891,-77.003791
"Av. Republica de Panama 19, Lima",-12.27255,-76.893221
"Av. Salaverry 44, Lima",-11.806641,-76.995323
"Av. Arenales 2261, Lima",-12.170032,-77.120742
"Av. Alfonso Ugarte 359, Lima",-11.974734,-77.037314
"Av. Alfonso Ugarte 963, Lima",-11.838851,-76.991811
"Av. Tacna 1599, Lima",-11.850648,-76.8
"Av. Aviacion 2150, Lima",-11.895132,-76.891216
"Av. Alfonso Ugarte 95, Lima",-12.049849,-76.8
"Av. Arenales 1956, Lima",-12.107513,-76.974857
"Av. Arequipa 2518, Lima",-12.178552,-77.140114
"Av. Salaverry 1486, Lima",-11.987344,-77.154048
"Av. Alfonso Ugarte 1137, Lima",-11.948371,-76.856649
"Av. Salaverry 2138, Lima",-12.065928,-77.155063
"Av. Angamos 1694, Lima",-11.922932,-76.881529
"Av. Tacna 2022, Lima",-11.94498,-76.879829
"Av. Salaverry 1395, Lima",-11.881766,-76.8
"Av. Petit Thouars 2530, Lima",-12.198973,-76.8
"Av. La Marina 81, Lima",-12.247065,-77.150704
"Av. Petit Thouars 2256, Lima",-12.161312,-77.184797
"Av. Javier Prado 931, Lima",-11.90545,-76.902776
"Av. Arenales 1948, Lima",-12.141177,-76.945366
"Av. Universitaria 2192, Lima",-12.169324,-76.953105
"Jr. de la Union 2166, Lima",-12.224809,-76.959055
"Av. Republica de Panama 1689, Lima",-12.150531,-76.8
"Av. Arenales 1861, Lima",-11.817851,-76.802908
"Av. Petit Thouars 837, Lima",-12.247544,-76.819662
"Av. Republica de Panama 27, Lima",-11.884305,-77.086225
"Av. Arequipa 1080, Lima",-12.147894,-76.840812
"Av. Alfonso Ugarte 1939, Lima",-11.860192,-77.094959
"Av. Benavides 787, Lima",-12.171946,-77.143598
"Jr. Junin 1146, Lima",-12.153948,-76.817076
"Jr. Junin 2847, Lima",-12.173124,-77.172641
"Av. Arenales 896, Lima",-12.108767,-76.813985
"Av. Benavides 1464, Lima",-12.252505,-77.133319
"Av. Brasil 191, Lima",-11.86351,-77.119668
"Av. La Marina 1871, Lima",-12.014427,-76.942512
"Av. Primavera 2032, Lima",-11.888435,-76.804756
"Av. Republica de Panama 1261, Lima",-11.880231,-76.957753
"Jr. Camana 1494, Lima",-11.841851,-77.093847
"Av. Primavera 2086, Lima",-11.928497,-77.161381
"Av. Primavera 648, Lima",-12.187433,-76.8
"Av. Javier Prado 574, Lima",-11.859814,-77.019918
"Jr. Junin 653, Lima",-11.80764,-77.045532
"Av. Tacna 1555, Lima",-11.983451,-77.033797
"Av. Larco 395, Lima",-12.229115,-76.8
"Jr. Junin 1623, Lima",-12.143449,-76.862204
"Av. Larco 1064, Lima",-12.189988,-77.041492
"Av. Salaverry 835, Lima",-12.166057,-76.8
"Av. Angamos 1947, Lima",-12.209544,-76.929655
"Av. Salaverry 1772, Lima",-11.928,-77.036558
"Av. Petit Thouars 2499, Lima",-12.045697,-77.100398
"Av. Benavides 2398, Lima",-11.947199,-77.185199
"Av. La Marina 2948, Lima",-12.28505,-77.044986
"Av. Larco 1922, Lima",-11.899671,-77.033324
"Av. Primavera 484, Lima",-11.939453,-76.8
"Jr. de la Union 491, Lima",-12.119346,-77.008153
"Av. Alfonso Ugarte 1846, Lima",-12.191789,-77.170772
"Av. Larco 1978, Lima",-12.018382,-76.913311
"Av. La Marina 2247, Lima",-12.006682,-76.902831
"Jr. Camana 2703, Lima",-11.800755,-77.062812
"Av. San Martin 117, Lima",-11.909325,-76.8
"Av. Universitaria 810, Lima",-11.803286,-77.067443
"Av. Javier Prado 883, Lima",-11.893028,-76.845716
"Av. Primavera 498, Lima",-12.161142,-77.043567
"Av. San Martin 785, Lima",-11.898495,-76.965915
"Av. Benavides 1293, Lima",-12.166005,-77.001631
"Av. Tacna 2285, Lima",-12.117247,-77.091766
"Av. Salaverry 1488, Lima",-11.901385,-77.057119
"Av. Javier Prado 1552, Lima",-11.981702,-76.813884
"Av. Universitaria 2074, Lima",-12.212015,-77.073769
"Av. Alfonso Ugarte 757, Lima",-12.098246,-76.964394
"Av. La Marina 638, Lima",-12.206482,-76.879043
"Av. San Martin 465, Lima",-12.209659,-77.063665
"Av. Tacna 1684, Lima",-12.194168,-77.006278
"Av. Brasil 2631, Lima",-11.866475,-77.184495
"Av. Benavides 1643, Lima",-12.140705,-76.855228
"Av. Javier Prado 725, Lima",-12.12458,-76.803536
"Av. Republica de Panama 2529, Lima",-12.270691,-76.906968
"Av. La Marina 734, Lima",-12.038851,-76.8
"Av. San Martin 2662, Lima",-11.847235,-76.805367
"Av. Larco 2103, Lima",-12.134709,-77.139409
"Av. Larco 1500, Lima",-11.874391,-76.921464
"Av. Angamos 1469, Lima",-12.288027,-76.975332
"Av. Brasil 930, Lima",-12.280339,-77.092191
"Av. Arenales 2944, Lima",-11.999846,-76.832196
"Av. Aviacion 616, Lima",-11.981534,-76.854
"Av. Javier Prado 234, Lima",-12.056263,-77.05725
"Av. Arequipa 1913, Lima",-12.116325,-76.896821
"Av. Benavides 1090, Lima",-11.833347,-76.8
"Av. Javier Prado 2570, Lima",-12.157945,-76.892456
"Av. Arequipa 1245, Lima",-12.251576,-77.128776
"Av. San Martin 1772, Lima",-12.043115,-76.8
"Av. Brasil 376, Lima",-12.191169,-77.047333
"Av. Larco 391, Lima",-11.847294,-76.847792
"Av. Tacna 2569, Lima",-12.056529,-77.114646
"Av. Angamos 2517, Lima",-12.157697,-76.815831
"Av. Tacna 417, Lima",-11.930306,-76.958194
"Jr. de la Union 66, Lima",-11.867992,-76.893988
"Av. Benavides 1531, Lima",-12.293299,-77.059634
"Av. Arenales 2817, Lima",-12.109318,-76.890988
"Av. Benavides 2416, Lima",-12.160693,-76.806098
"Av. Primavera 247, Lima",-12.000856,-76.999615
"Av. Petit Thouars 1414, Lima",-11.830265,-76.945249
"Jr. Camana 2932, Lima",-12.164522,-77.07295
"Av. San Martin 1699, Lima",-12.236365,-76.883392
"Av. San Martin 525, Lima",-12.139329,-77.014995
"Jr. Junin 1027, Lima",-12.245244,-76.823785
"Av. Benavides 1123, Lima",-11.981749,-76.8
"Av. Aviacion 1466, Lima",-11.958217,-76.953186
"Av. Arenales 1543, Lima",-11.94694,-76.869785
"Av. Brasil 860, Lima",-11.919748,-77.137455
"Av. Republica de Panama 2369, Lima",-11.958194,-77.010355
"Av. Republica de Panama 2202, Lima",-11.82768,-76.972621
"Jr. Junin 2059, Lima",-12.262716,-76.978454
"Jr. Junin 851, Lima",-12.005142,-76.953567
"Jr. Junin 2929, Lima",-12.058969,-76.882512
"Av. Universitaria 287, Lima",-11.896352,-76.824451
"Av. Primavera 793, Lima",-11.838767,-77.09861
"Jr. Camana 1606, Lima",-11.987222,-76.823998
"Av. Tacna 1269, Lima",-12.187897,-77.04436
"Av. Tacna 385, Lima",-12.066661,-77.122364
"Av. Republica de Panama 1221, Lima",-12.280543,-76.959543
"Av. Petit Thouars 666, Lima",-11.921077,-76.903346
"Jr. de la Union 1301, Lima",-11.922214,-77.105162
"Av. San Martin 745, Lima",-12.249586,-77.096314
"Av. Javier Prado 2671, Lima",-12.198638,-76.888401
"Av. Brasil 1400, Lima",-12.190938,-77.069412
"Av. Angamos 2085, Lima",-12.235352,-77.181378
"Av. Javier Prado 220, Lima",-12.02738,-76.8
"Av. Angamos 2000, Lima",-11.875723,-76.936876
"Jr. Camana 2096, Lima",-11.881934,-77.097387
"Av. Alfonso Ugarte 1547, Lima",-12.065152,-76.822183
"Av. Brasil 2550, Lima",-12.1317,-76.970299
"Av. Primavera 167, Lima",-11.863975,-77.017363
"Jr. Junin 1337, Lima",-12.277651,-77.049934
"Av. Aviacion 1129, Lima",-12.242575,-77.027865
"Av. Primavera 2639, Lima",-11.830154,-76.836176
"Av. Universitaria 2037, Lima",-12.132981,-76.831736
"Jr. de la Union 1221, Lima",-12.215262,-76.870098
"Av. Larco 829, Lima",-12.187862,-77.051207
"Jr. Junin 944, Lima",-11.966858,-77.144138
"Jr. Camana 1728, Lima",-11.981409,-77.008351
"Av. Benavides 1395, Lima",-11.858209,-77.064036
"Av. Larco 1211, Lima",-11.911419,-76.8
"Av. Javier Prado 276, Lima",-11.990385,-77.050969
"Av. Salaverry 424, Lima",-12.260792,-76.996897
"Av. Primavera 1647, Lima",-12.229336,-76.953656
"Av. Arenales 998, Lima",-12.150899,-76.861303
"Av. Brasil 711, Lima",-11.930144,-77.012108
"Jr. Camana 2120, Lima",-11.903079,-77.167959
"Av. Tacna 977, Lima",-11.899757,-76.811892
"Jr. de la Union 233, Lima",-12.108937,-76.8
"Jr. de la Union 1227, Lima",-12.041656,-77.164137
"Av. Salaverry 944, Lima",-12.031266,-76.937876
"Jr. Camana 828, Lima",-12.264912,-76.8
"Av. Arenales 449, Lima",-11.970724,-77.117739
"Av. Salaverry 592, Lima",-12.060068,-77.082176
"Av. Universitaria 1737, Lima",-12.193336,-76.920395
"Jr. de la Union 1169, Lima",-12.018384,-77.146951
"Av. Benavides 2662, Lima",-11.858005,-76.8
"Av. Arequipa 420, Lima",-12.110362,-77.013385
"Av. Primavera 346, Lima",-12.178525,-76.827818
"Av. Alfonso Ugarte 1683, Lima",-12.243223,-76.897009
"Av. Universitaria 168, Lima",-11.893622,-76.87555
"Av. La Marina 2842, Lima",-11.82033,-76.8
"Av. Angamos 1948, Lima",-11.951508,-76.8
"Av. Arequipa 836, Lima",-12.256153,-76.995203
"Av. Republica de Panama 1074, Lima",-12.259602,-76.969901
"Av. La Marina 2296, Lima",-11.946772,-76.995442
"Av. Arenales 1907, Lima",-12.139395,-76.869923
"Av. Petit Thouars 933, Lima",-12.044699,-76.983248
"Av. Aviacion 909, Lima",-12.054564,-76.864335
"Av. Alfonso Ugarte 878, Lima",-12.035399,-76.861695
"Av. Alfonso Ugarte 835, Lima",-11.85628,-77.116701
"Av. Brasil 2752, Lima",-12.021426,-76.874578
"Jr. Junin 2285, Lima",-12.263004,-76.859658
"Av. Larco 2417, Lima",-12.065245,-76.996936
"Av. Alfonso Ugarte 2067, Lima",-12.057221,-76.950986
"Av. Petit Thouars 498, Lima",-12.298669,-77.089613
"Jr. de la Union 2144, Lima",-11.86502,-76.882295
"Av. Republica de Panama 2219, Lima",-12.179935,-76.933509
"Av. Arenales 199, Lima",-12.081169,-77.004368
"Jr. Camana 504, Lima",-11.914485,-76.8
"Av. Universitaria 970, Lima",-12.237088,-77.136085
"Av. Larco 2542, Lima",-12.182957,-77.097227
"Jr. Camana 1535, Lima",-11.8501,-76.8
"Av. San Martin 1467, Lima",-11.87786,-76.8
"Av. La Marina 1181, Lima",-11.855552,-76.959431
"Av. Arequipa 1170, Lima",-11.834134,-76.973905
"Av. Angamos 2343, Lima",-11.861857,-76.850079
"Av. Tacna 766, Lima",-12.287999,-76.924878
"Jr. de la Union 1407, Lima",-12.285437,-76.992798
"Av. Petit Thouars 525, Lima",-11.977512,-77.106946
"Av. Tacna 2151, Lima",-12.095614,-76.955563
"Av. Arequipa 1524, Lima",-11.878948,-77.159052
"Av. La Marina 2610, Lima",-12.062615,-76.855344
"Jr. de la Union 2555, Lima",-12.16959,-76.98963
"Av. Arequipa 1098, Lima",-12.051052,-76.934021
"Av. Arenales 161, Lima",-11.901223,-77.121016
"Jr. de la Union 1898, Lima",-12.014308,-76.952788
"Av. San Martin 91, Lima",-12.113812,-76.881654
"Av. San Martin 41, Lima",-12.19195,-76.948789
"Av. Brasil 978, Lima",-11.943916,-76.992141
"Av. Tacna 2400, Lima",-12.236827,-76.966644
"Av. Alfonso Ugarte 1800, Lima",-11.802165,-76.815287
"Av. Arenales 1367, Lima",-12.179451,-76.993647
"Av. Arequipa 1934, Lima",-12.130618,-76.852081
"Av. Arenales 1455, Lima",-12.199101,-77.18657
"Av. Brasil 1162, Lima",-11.869515,-76.901707
"Av. Alfonso Ugarte 1513, Lima",-12.08734,-76.899271
"Av. Aviacion 842, Lima",-11.911404,-76.841369
"Av. Petit Thouars 2845, Lima",-12.241679,-76.807685
"Av. Alfonso Ugarte 1486, Lima",-12.204753,-76.947188
"Av. Larco 2419, Lima",-11.802483,-76.957047
"Av. Angamos 2990, Lima",-12.259758,-76.8
"Av. Angamos 1976, Lima",-12.115134,-76.970378
"Av. Arequipa 2618, Lima",-12.106724,-76.880091
"Av. San Martin 2551, Lima",-11.85937,-76.8
"Av. Arenales 564, Lima",-12.034257,-76.964802
"Av. San Martin 641, Lima",-11.959784,-76.803041
"Av. Alfonso Ugarte 1188, Lima",-11.836364,-77.092488
"Av. Javier Prado 1704, Lima",-11.924449,-76.938834
"Av. Tacna 1353, Lima",-12.199325,-76.899556
"Av. Republica de Panama 1770, Lima",-12.022222,-77.078283
"Jr. Camana 1048, Lima",-12.190272,-76.813414
"Av. Javier Prado 1890, Lima",-12.239276,-76.8
"Av. Alfonso Ugarte 2400, Lima",-12.183612,-76.86806
"Av. Benavides 1361, Lima",-12.046805,-76.821158
"Av. Arequipa 1571, Lima",-11.945547,-76.816964
"Av. Tacna 1064, Lima",-11.98946,-76.8
"Av. Primavera 1287, Lima",-11.980789,-76.990105
"Av. Aviacion 2768, Lima",-12.272988,-76.8
"Av. Javier Prado 226, Lima",-12.119743,-77.105686
"Av. Republica de Panama 2310, Lima",-12.137775,-76.99317
"Av. San Martin 705, Lima",-12.064826,-77.056694
"Av. Arenales 2527, Lima",-12.187652,-76.91151
"Av. Brasil 1345, Lima",-12.183847,-77.012615
"Av. Javier Prado 1594, Lima",-11.824987,-76.956572
"Av. Alfonso Ugarte 2273, Lima",-11.874034,-76.8
"Av. Alfonso Ugarte 1786, Lima",-11.835322,-77.103937
"Av. Alfonso Ugarte 23, Lima",-12.142154,-77.063963
"Av. Benavides 1344, Lima",-11.921573,-77.024893
"Av. Arenales 1586, Lima",-12.202031,-76.880102
"Av. Aviacion 1394, Lima",-12.257681,-76.907806
"Av. Alfonso Ugarte 2178, Lima",-12.079286,-77.113733
"Av. Primavera 2282, Lima",-11.840075,-76.8
"Jr. Camana 2910, Lima",-11.80419,-77.024443
"Av. Universitaria 51, Lima",-11.846013,-76.8
"Jr. de la Union 826, Lima",-12.130493,-77.025125
"Av. Arenales 240, Lima",-12.002005,-77.021344
"Av. San Martin 492, Lima",-12.29928,-76.814301
"Av. Larco 1713, Lima",-12.193463,-76.8
"Av. Javier Prado 1456, Lima",-12.022908,-77.098792
"Av. Benavides 819, Lima",-12.14091,-76.840465
"Av. Salaverry 1466, Lima",-12.242694,-76.82697
"Av. Larco 1095, Lima",-12.207815,-77.012034
"Av. Petit Thouars 952, Lima",-12.264571,-77.091649
"Av. Salaverry 1711, Lima",-11.903668,-77.100855
"Av. Arequipa 1773, Lima",-12.082883,-77.01632
"Av. Brasil 848, Lima",-12.21729,-76.966561
"Av. Arequipa 2514, Lima",-11.874355,-76.833223
"Jr. Junin 2454, Lima",-12.183095,-76.83886
"Av. Primavera 2072, Lima",-12.281202,-76.949154
"Av. Arenales 2944, Lima",-11.965096,-76.939272
"Av. Arenales 486, Lima",-12.016857,-77.023204
"Av. Brasil 757, Lima",-11.991892,-77.116068
"Av. Universitaria 1962, Lima",-12.272964,-76.852352
"Jr. Junin 1881, Lima",-12.036024,-77.181623
"Jr. de la Union 93, Lima",-11.905405,-76.815404
"Av. Javier Prado 530, Lima",-12.265185,-77.076424
"Av. Javier Prado 811, Lima",-11.887255,-77.053134
"Av. Brasil 413, Lima",-12.260925,-77.095984
"Av. La Marina 447, Lima",-11.812084,-76.998205
"Av. Benavides 2796, Lima",-11.851528,-77.028788
"Av. Brasil 2706, Lima",-12.130187,-77.153043
"Av. Larco 2385, Lima",-11.85529,-77.124371
"Av. Alfonso Ugarte 2653, Lima",-12.2331,-76.96969
"Av. Petit Thouars 2505, Lima",-11.823786,-77.092863
"Av. Benavides 201, Lima",-12.14245,-77.04342
"Av. Arequipa 952, Lima",-11.9229,-76.8
"Av. Javier Prado 122, Lima",-12.091071,-77.069323
"Av. Salaverry 2265, Lima",-12.026341,-76.915665
"Av. Petit Thouars 1138, Lima",-11.832214,-76.872903
"Av. Brasil 2032, Lima",-12.057502,-77.15571
"Jr. de la Union 296, Lima",-11.979365,-77.044814
"Av. La Marina 1970, Lima",-11.887471,-77.13153
"Jr. Junin 1778, Lima",-11.857374,-76.998891
"Av. Benavides 2544, Lima",-12.002885,-77.138342
"Av. Arenales 2450, Lima",-12.153314,-76.896784
"Av. Primavera 1694, Lima",-11.932274,-76.962937
"Av. Primavera 2708, Lima",-11.834469,-77.12082
"Av. Alfonso Ugarte 1042, Lima",-12.002852,-77.144348
"Av. Primavera 2840, Lima",-11.913259,-76.867057
"Av. Primavera 1905, Lima",-12.092159,-76.918768
"Av. Arequipa 1545, Lima",-12.270464,-76.989369
"Av. Angamos 817, Lima",-11.817072,-76.887314
"Av. Petit Thouars 1435, Lima",-11.849905,-77.070324
"Jr. Camana 1079, Lima",-11.882423,-77.038975
"Av. Petit Thouars 2063, Lima",-12.048716,-76.859832
"Av. Petit Thouars 1004, Lima",-11.952057,-76.819032
"Av. Tacna 1485, Lima",-12.061452,-77.170754
"Av. Arequipa 1324, Lima",-12.223131,-77.076461
"Jr. de la Union 494, Lima",-12.180224,-77.010626
"Av. Tacna 1728, Lima",-12.105508,-77.155109
"Av. La Marina 1066, Lima",-11.990981,-76.823484
"Av. Angamos 1681, Lima",-12.06915,-77.08379
"Av. Primavera 1290, Lima",-11.876521,-77.186871
"Av. Primavera 1981, Lima",-12.19528,-77.015699
"Av. La Marina 2262, Lima",-11.917073,-76.851805
"Av. Javier Prado 730, Lima",-11.868544,-76.800133
"Av. Benavides 1131, Lima",-12.011959,-77.122435
"Av. La Marina 998, Lima",-12.250398,-76.813189
"Jr. Camana 1331, Lima",-12.126233,-76.956042
"Av. Salaverry 17, Lima",-12.21193,-77.087963
"Av. San Martin 2333, Lima",-12.000391,-77.186956
"Av. La Marina 952, Lima",-11.940531,-77.106713
"Av. Tacna 406, Lima",-12.137906,-76.910957
"Av. San Martin 1359, Lima",-12.181403,-77.143368
"Av. Petit Thouars 1183, Lima",-12.090027,-76.965409
"Av. Arequipa 431, Lima",-12.262493,-77.020261
"Av. Tacna 2203, Lima",-12.28438,-76.8
"Av. Angamos 2513, Lima",-12.085321,-76.910442
"Av. Benavides 2596, Lima",-11.824793,-76.8
"Av. Primavera 2661, Lima",-12.277336,-76.889051
"Jr. Junin 2065, Lima",-12.248687,-76.907993
"Av. Angamos 661, Lima",-12.188777,-76.870614
"Av. Arequipa 2125, Lima",-11.92945,-77.062341
"Av. Aviacion 1886, Lima",-12.020886,-77.079459
"Av. Benavides 573, Lima",-11.884576,-77.035482
"Av. Larco 549, Lima",-11.858867,-77.022922
"Av. Aviacion 2123, Lima",-11.845263,-76.862703
"Av. La Marina 2237, Lima",-11.860015,-76.850798
"Av. Tacna 431, Lima",-11.839133,-76.888877
"Jr. Camana 250, Lima",-12.003445,-76.936985
"Av. Republica de Panama 805, Lima",-12.090474,-76.895351
"Av. Aviacion 2997, Lima",-12.243806,-76.973446
"Av. Angamos 2541, Lima",-12.002326,-76.992095
"Av. Aviacion 1548, Lima",-12.040172,-76.8
"Av. Primavera 635, Lima",-11.897291,-76.892758
"Av. Arequipa 2055, Lima",-12.242264,-77.108497
"Av. Petit Thouars 2378, Lima",-12.105234,-77.003569
"Av. Tacna 1297, Lima",-11.841497,-76.876768
"Av. La Marina 59, Lima",-11.907312,-77.091679
"Av. Tacna 1678, Lima",-11.983791,-76.857922
"Av. Angamos 1236, Lima",-12.069611,-76.99457
"Av. La Marina 669, Lima",-12.234758,-76.860021
"Av. Larco 1984, Lima",-11.972976,-77.188236
"Av. Tacna 2186, Lima",-11.910274,-77.116569
"Av. La Marina 2470, Lima",-12.040826,-76.921663
"Av. Petit Thouars 2458, Lima",-12.092461,-76.805784
"Jr. Camana 2399, Lima",-12.28805,-77.011382
"Av. Petit Thouars 1232, Lima",-11.880648,-76.986438
"Av. Larco 338, Lima",-12.103952,-76.878418
"Av. Larco 928, Lima",-12.146122,-77.04881
"Av. Arequipa 848, Lima",-11.821835,-76.887413
"Av. Primavera 1461, Lima",-12.149777,-76.8
"Jr. Junin 119, Lima",-12.199135,-77.003193
"Jr. de la Union 609, Lima",-12.226566,-77.147415
"Av. Republica de Panama 2545, Lima",-12.267842,-76.935086
"Av. Larco 929, Lima",-12.248858,-76.910315
"Av. Arequipa 3000, Lima",-11.844998,-76.930368
"Av. Republica de Panama 918, Lima",-11.921407,-76.882216
"Av. La Marina 1793, Lima",-12.045043,-76.944497
"Av. Aviacion 2064, Lima",-12.007507,-76.968159
"Av. Larco 702, Lima",-12.255198,-77.022596
"Av. Universitaria 2776, Lima",-11.861547,-76.95109
"Av. Salaverry 1135, Lima",-11.925046,-77.043037
"Av. Brasil 417, Lima",-11.988707,-77.105736
"Av. Arenales 2840, Lima",-12.20956,-77.152874
"Av. Salaverry 2132, Lima",-12.023409,-76.986811
"Av. Petit Thouars 2920, Lima",-12.205905,-77.048052
"Av. Javier Prado 657, Lima",-11.968002,-76.959611
"Av. Brasil 1210, Lima",-12.156683,-76.816187
"Av. Javier Prado 1509, Lima",-12.020974,-77.116884
"Av. Arequipa 998, Lima",-12.063584,-77.029719
"Jr. Junin 2110, Lima",-12.155737,-76.8
"Av. Primavera 2068, Lima",-12.061609,-76.923487
"Av. Larco 2029, Lima",-12.275107,-77.002484
"Av. La Marina 1721, Lima",-12.105516,-76.903187
"Jr. de la Union 2799, Lima",-11.849546,-77.015504
"Av. Alfonso Ugarte 1039, Lima",-12.174443,-77.174457
"Av. Aviacion 1129, Lima",-12.253417,-77.03297
"Jr. Junin 2678, Lima",-12.288523,-77.183976
"Jr. Camana 1739, Lima",-12.045693,-77.14109
"Av. Petit Thouars 1991, Lima",-11.841979,-77.093464
"Av. Arequipa 2651, Lima",-11.852598,-77.188246
"Av. Arenales 151, Lima",-12.149274,-76.858369
"Jr. de la Union 2841, Lima",-12.100522,-76.912627
"Av. Benavides 2957, Lima",-12.246717,-77.157417
"Jr. de la Union 497, Lima",-12.229291,-77.189673
"Av. Aviacion 2109, Lima",-12.197863,-76.896756
"Av. Arequipa 2817, Lima",-11.976713,-76.819566
"Av. Larco 1050, Lima",-11.994235,-77.188856
"Av. Arequipa 2399, Lima",-11.903696,-76.803985
"Av. Brasil 921, Lima",-12.08664,-77.143319
"Jr. Camana 1723, Lima",-11.815946,-77.113292
"Av. Universitaria 1146, Lima",-11.879623,-77.057411
"Av. Angamos 2922, Lima",-12.078828,-76.959837
"Jr. Camana 1180, Lima",-12.211713,-76.885697
"Av. Angamos 1655, Lima",-12.056053,-77.088343
"Av. Brasil 2053, Lima",-11.831615,-76.904764
"Av. Javier Prado 198, Lima",-12.087576,-76.801133
"Av. Javier Prado 1195, Lima",-12.037373,-76.930217
"Av. Salaverry 1923, Lima",-11.916721,-77.013352
"Av. Brasil 884, Lima",-12.162313,-76.8
"Jr. Camana 995, Lima",-12.171704,-76.883545
"Av. Benavides 2885, Lima",-12.275494,-77.144121
"Av. Alfonso Ugarte 1439, Lima",-12.000607,-76.87551
"Av. La Marina 2272, Lima",-11.896085,-76.909308
"Av. Universitaria 1092, Lima",-11.896239,-76.8
"Av. Universitaria 1498, Lima",-11.843288,-76.8
"Av. Arenales 2871, Lima",-12.259304,-76.960156
"Jr. Junin 1849, Lima",-12.133428,-76.932813
"Av. Universitaria 1880, Lima",-11.972766,-76.940585
"Av. Universitaria 574, Lima",-11.907524,-76.870233
"Jr. de la Union 2661, Lima",-12.126618,-77.158407
"Av. Salaverry 1337, Lima",-12.109605,-77.183926
"Jr. de la Union 909, Lima",-11.830559,-76.8
"Av. Arenales 2229, Lima",-11.818858,-76.8
"Av. Arenales 1150, Lima",-11.895484,-76.993561
"Av. Alfonso Ugarte 1158, Lima",-11.868804,-77.065232
"Av. Universitaria 2499, Lima",-12.004904,-77.013343
"Av. Primavera 835, Lima",-11.90919,-76.970276
"Av. La Marina 2283, Lima",-12.120298,-76.852249
"Av. Salaverry 1689, Lima",-12.296721,-76.868188
"Av. Arenales 2740, Lima",-12.283357,-77.136309
"Av. Republica de Panama 2827, Lima",-12.136914,-77.13047
"Jr. de la Union 2944, Lima",-12.102436,-76.99384
"Av. Arequipa 1538, Lima",-12.059881,-77.175319
"Av. La Marina 2384, Lima",-11.885393,-76.997059
"Av. Brasil 2609, Lima",-11.967582,-76.935795
"Av. Tacna 2958, Lima",-11.872064,-76.8
"Av. Benavides 134, Lima",-11.918995,-76.935559
"Av. Primavera 126, Lima",-12.046298,-76.8
"Av. Angamos 542, Lima",-11.830487,-76.909862
"Av. San Martin 1142, Lima",-12.011974,-76.936248
"Av. Petit Thouars 2801, Lima",-12.086782,-76.846846
"Av. Petit Thouars 2444, Lima",-11.916722,-76.8
"Av. Aviacion 1161, Lima",-11.857273,-77.011274
"Av. Angamos 1155, Lima",-12.077368,-76.969699
"Av. Arequipa 1677, Lima",-12.155922,-76.989751
"Av. Aviacion 580, Lima",-11.834957,-76.988514
"Av. Republica de Panama 1487, Lima",-12.138028,-77.077402
"Jr. Camana 166, Lima",-11.897719,-76.891817
"Av. Arequipa 665, Lima",-11.868073,-76.831236
"Av. Benavides 1268, Lima",-12.021573,-77.074771
"Av. Alfonso Ugarte 2741, Lima",-11.83584,-76.807311
"Jr. de la Union 1399, Lima",-11.96427,-76.971992
"Av. Arequipa 1233, Lima",-12.248374,-77.102411
"Av. Arequipa 1106, Lima",-12.062257,-76.896233
"Av. Larco 1114, Lima",-12.127681,-77.167687
"Av. Benavides 1634, Lima",-11.819525,-76.914439
"Av. Brasil 2776, Lima",-11.821151,-76.8
"Av. Larco 2393, Lima",-12.263283,-76.844313
"Av. Benavides 1146, Lima",-12.191319,-77.113293
"Av. Aviacion 396, Lima",-12.038156,-76.877478
"Av. Petit Thouars 40, Lima",-11.829453,-77.025313
"Av. Salaverry 2062, Lima",-11.883805,-76.876963
"Av. La Marina 2720, Lima",-12.220934,-77.082272
"Av. Arenales 1353, Lima",-12.031702,-76.873118
"Av. Larco 1109, Lima",-12.263237,-76.976749
"Av. Arequipa 1703, Lima",-11.930205,-77.16205
"Av. Universitaria 195, Lima",-12.227389,-77.165396
"Av. Arenales 1614, Lima",-11.908363,-76.8
"Av. Alfonso Ugarte 1560, Lima",-11.834391,-77.047577
"Jr. de la Union 529, Lima",-11.860084,-77.098297
"Jr. Camana 1715, Lima",-11.867725,-77.013632
"Av. Alfonso Ugarte 611, Lima",-12.264787,-77.03087
"Av. Arenales 78, Lima",-12.150458,-76.96201
"Av. San Martin 1871, Lima",-12.110582,-76.878853
"Av. San Martin 2110, Lima",-12.204625,-76.924003
"Av. Benavides 12, Lima",-11.815478,-76.867389
"Av. Salaverry 962, Lima",-11.843243,-77.036867
"Av. Brasil 2080, Lima",-11.867003,-76.884191
"Av. Javier Prado 242, Lima",-12.144371,-77.044064
"Jr. de la Union 233, Lima",-11.995703,-76.8
"Av. San Martin 1551, Lima",-12.129016,-76.867639
"Av. Arenales 2721, Lima",-11.848278,-77.056544
"Av. Republica de Panama 1114, Lima",-12.081203,-77.050275
"Av. Javier Prado 385, Lima",-11.829742,-77.18298
"Av. Aviacion 678, Lima",-11.806932,-76.8
"Jr. Junin 1151, Lima",-11.82211,-77.119655
"Jr. Camana 984, Lima",-11.86118,-77.138835
"Av. Universitaria 2731, Lima",-11.855831,-76.825706
"Jr. Junin 2849, Lima",-12.042252,-77.110429
"Av. Republica de Panama 2701, Lima",-11.920925,-77.132228
"Av. Larco 2167, Lima",-11.847759,-77.17307
"Jr. Junin 435, Lima",-12.021966,-76.897041
"Av. Republica de Panama 513, Lima",-12.098711,-77.164384
"Jr. de la Union 1875, Lima",-11.960067,-76.888991
"Av. Arequipa 2926, Lima",-12.161627,-76.834166
"Av. Salaverry 595, Lima",-12.280745,-76.962455
"Av. Petit Thouars 1772, Lima",-11.964301,-76.959642
"Av. Republica de Panama 1802, Lima",-12.122647,-76.840055
"Av. San Martin 1630, Lima",-11.997483,-76.8
"Av. Alfonso Ugarte 2672, Lima",-12.058729,-77.053243
"Av. Salaverry 945, Lima",-12.187588,-76.874265
"Av. Tacna 121, Lima",-12.172233,-77.153439
"Av. Republica de Panama 2852, Lima",-12.107558,-76.908564
"Av. Angamos 2578, Lima",-12.156435,-77.03934
"Jr. de la Union 1569, Lima",-11.928559,-76.8
"Av. Republica de Panama 1019, Lima",-11.91636,-77.043671
"Av. Benavides 2143, Lima",-11.847797,-76.999671
"Av. Arequipa 2575, Lima",-12.174238,-77.135456
"Av. Primavera 2437, Lima",-11.883845,-76.8
"Av. Arenales 2676, Lima",-12.228481,-76.931633
"Av. Arequipa 1661, Lima",-12.073746,-76.891547
"Av. La Marina 2837, Lima",-11.912143,-77.044334
"Av. Universitaria 2696, Lima",-11.985099,-77.16574
"Jr. Camana 2299, Lima",-11.994248,-76.855751
"Av. La Marina 1362, Lima",-11.929222,-77.172496
"Jr. de la Union 2501, Lima",-12.082692,-77.073588
"Av. Arenales 771, Lima",-12.113884,-76.8
"Av. Angamos 1909, Lima",-11.898565,-76.80175
"Av. Primavera 1762, Lima",-12.205797,-76.907503
"Av. La Marina 2129, Lima",-12.095075,-76.93909
"Av. Larco 2004, Lima",-11.976476,-77.077291
"Av. Primavera 1492, Lima",-12.102228,-77.131967
"Av. Brasil 1745, Lima",-11.965991,-77.09444
"Av. Primavera 1647, Lima",-11.90687,-77.017488
"Jr. Junin 1484, Lima",-11.926387,-76.908692
"Av. Alfonso Ugarte 738, Lima",-12.021102,-77.083318
"Av. Tacna 2594, Lima",-12.247452,-76.817972
"Jr. Junin 1583, Lima",-12.257734,-76.955707
"Av. Tacna 2953, Lima",-12.020636,-77.010509
"Jr. Junin 745, Lima",-11.882316,-76.979441
"Av. Republica de Panama 353, Lima",-12.266385,-76.844123
"Av. Angamos 2460, Lima",-12.180159,-76.945646
"Av. Arenales 275, Lima",-11.892556,-76.942325
"Av. Primavera 673, Lima",-12.05944,-76.8
"Av. Republica de Panama 2475, Lima",-11.832537,-76.945404
"Av. Primavera 670, Lima",-11.891066,-76.8
"Av. Brasil 1177, Lima",-11.832628,-76.819631
"Av. Salaverry 1757, Lima",-12.169426,-76.845138
"Av. Arequipa 1546, Lima",-11.99049,-76.831761
"Av. Angamos 2889, Lima",-11.858721,-76.945138
"Av. Brasil 1047, Lima",-11.973194,-77.07252
"Av. Arequipa 2645, Lima",-11.910342,-77.110927
"Av. Tacna 177, Lima",-12.071424,-76.886583
"Av. Javier Prado 1551, Lima",-11.975334,-77.042482
"Av. Republica de Panama 2548, Lima",-12.193543,-76.910383
"Jr. Junin 656, Lima",-12.060844,-77.162253
"Av. Republica de Panama 2363, Lima",-12.187725,-76.8
"Av. Aviacion 1925, Lima",-12.04216,-77.101219
"Av. Arequipa 1220, Lima",-11.816808,-76.887055
"Av. Arenales 2102, Lima",-11.900992,-77.06949
"Av. Angamos 1602, Lima",-11.94967,-77.099017
"Jr. Junin 2751, Lima",-12.268167,-77.109566
"Jr. Camana 2470, Lima",-12.268376,-76.954185
"Av. Angamos 1773, Lima",-12.078392,-76.809187
"Av. Salaverry 223, Lima",-12.196495,-77.007936
"Av. San Martin 1057, Lima",-11.922746,-76.803899
"Av. Universitaria 2707, Lima",-12.105375,-77.073845
"Av. Angamos 1813, Lima",-11.937669,-76.8
"Av. Javier Prado 1344, Lima",-12.085438,-77.004591
"Av. Primavera 1208, Lima",-12.041204,-77.050295
"Av. Aviacion 336, Lima",-12.000881,-76.880447
"Av. Arequipa 1518, Lima",-11.87342,-77.120189
"Av. Angamos 115, Lima",-12.145762,-76.927854
"Av. La Marina 535, Lima",-12.048743,-77.048675
"Av. Javier Prado 570, Lima",-11.843492,-76.819419
"Av. San Martin 1429, Lima",-11.89047,-77.097473
"Jr. Camana 2064, Lima",-12.029393,-76.804846
"Av. Arenales 416, Lima",-12.079276,-76.987688
"Av. Aviacion 2168, Lima",-12.26531,-77.132126
"Av. Brasil 2040, Lima",-12.107962,-77.013232
"Av. Tacna 1124, Lima",-11.973829,-77.143981
"Av. Alfonso Ugarte 91, Lima",-11.988533,-76.991371
"Av. Republica de Panama 1133, Lima",-11.854863,-77.001052
"Av. San Martin 1626, Lima",-12.066725,-77.088297
"Av. Angamos 2695, Lima",-11.997271,-76.8
"Jr. de la Union 2877, Lima",-12.064744,-77.06942
"Jr. Junin 1073, Lima",-11.870102,-76.963893
"Av. Salaverry 648, Lima",-12.016467,-76.8
"Av. Aviacion 1843, Lima",-12.259185,-76.925268
"Av. Arenales 725, Lima",-11.972139,-76.819186
"Av. Larco 1543, Lima",-12.100528,-77.079517
"Av. Tacna 1668, Lima",-12.231425,-76.8
"Av. Tacna 739, Lima",-12.211256,-77.140253
"Av. Alfonso Ugarte 636, Lima",-12.104825,-77.004919
"Jr. de la Union 118, Lima",-12.000757,-77.024445
"Av. Universitaria 2475, Lima",-11.810826,-76.99341
"Av. Aviacion 304, Lima",-12.296328,-76.95118
"Av. La Marina 686, Lima",-11.874249,-77.14431
"Av. San Martin 2400, Lima",-11.945542,-76.846577
"Av. Larco 348, Lima",-11.803434,-76.961604
"Av. Tacna 1407, Lima",-11.941297,-76.92459
"Av. Arequipa 2787, Lima",-12.118095,-76.955909
"Jr. Camana 2793, Lima",-11.83826,-76.8
"Av. Larco 2034, Lima",-11.89013,-77.005297
"Av. Republica de Panama 2000, Lima",-12.213127,-77.091459
"Av. Brasil 1128, Lima",-12.070363,-76.883329
